# Frequency, Real(S21), Imag(S21), Real(S11), Imag(S11)
4.000000000000000000e+09,7.372946320158663307e-07,3.849227324629079247e-04,-1.391042890772116181e+00,-1.331202607227176433e-02
1.000000000000000000e+10,3.442088193541861102e-02,-2.446110080335107267e-02,-1.411926335608655103e+00,-1.524631244560471083e-02
